id,created_at,updated_at,email,username,password,role,first_name,last_name,gender,date_of_birth,country,city,looking_for,music_preferences,require_photo_1,require_photo_2,additional_photo_1,additional_photo_2,occupation,smoking_status,hobbies,about_me,subscription,subscription_start_date,subscription_end_date
1,"2024-05-23 11:37:13","2024-05-23 11:38:54",tomH@gmail.com,tomh,$2y$10$hlm69JY2Bisg08KL/l.lwe7//eYc8EJGHJzvvMcG2TQBAdCV.qIou,ROLE_USER,Tom,Holland,Male,2004-08-06,FR,Paris,Female,Funk,../data/photos/tomh_photo1.png,../data/photos/tomh_photo2.png,,,Actor,No,Traveling,"I&#039;m Tom Holland",,,
2,"2024-05-23 11:39:39","2024-05-23 11:40:55",RobertD@gmail.com,robertd,$2y$10$Jr5/4E0vP2/.33N4h0eDlOD3QnZMFcZZn2ROsdKFN2tNT7HIXe68K,ROLE_USER,Robert,Downey,Male,2004-08-06,FR,Paris,Female,Rock,../data/photos/robertd_photo1.png,../data/photos/robertd_photo2.png,,,Actor,Yes,Traveling,"I&#039;m robert downey jr",,,
3,"2024-05-23 11:42:05","2024-05-23 11:43:22",TimotheeC@gmail.com,timotheec,$2y$10$EGosM.2HZ41/8G/KV.wj8uA0yHzOc6vECOIyxLfMV6YulxuyVCz1a,ROLE_USER,Timothée,Chalamet,Male,2004-08-06,FR,Paris,Female,Classical,../data/photos/timotheec_photo1.png,../data/photos/timotheec_photo2.png,,,Actor,No,"Reading, Traveling","I&#039;m Timothée Chalamet",,,
4,"2024-05-23 11:43:58","2024-05-23 11:45:51",Zendaya@gmail.com,zendaya,$2y$10$.RT3xnf2oqhtvJD.3fXCPuEC2IgGAc/lrvoSRCGzzcgEeOP9Z8mhC,ROLE_USER,Zen,Daya,Female,2004-08-06,FR,Paris,Male,Jazz,../data/photos/zendaya_photo1.png,../data/photos/zendaya_photo2.png,,,Actress,No,Traveling,"I&#039;m Zendaya",,,
5,"2024-05-23 11:46:34","2024-05-23 11:48:33",maddisonB@gmail.com,maddisonb,$2y$10$bD4bXLqI.PhxsmWoKPOxG.mVXnmOvWwEeIwfFUSnz63VjmK9924nS,ROLE_USER,Madison,Bear,Female,2004-08-06,FR,Paris,Male,Pop,../data/photos/maddisonb_photo1.png,../data/photos/maddisonb_photo2.png,,,Singer,No,Traveling,"I&#039;m Madison Bear",,,
6,"2024-05-23 11:49:21","2024-05-23 11:51:10",MadelynC@gmail.com,madelync,$2y$10$us.IIDyzblpCMBK/M6H/ueq.Z.6ywzMPBsbOmt37Iuv4KWQZ3DraS,ROLE_USER,Madelyn,Cline,Female,2004-08-06,FR,Paris,Male,Pop,../data/photos/madelync_photo1.png,../data/photos/madelync_photo2.png,,,Celebritie,No,Traveling,"I&#039;m Madelyn Cline",,,
7,"2024-05-23 11:52:49","2024-05-23 11:54:09",SydneyS@gmail.com,sydneys,$2y$10$CjwzdBcBs2Q3nnuTcpVn/OINcP/oGDFBdKloJHuJbe4y5XwU.Ra1O,ROLE_USER,Sydney,Sweeney,Female,2004-08-06,FR,Paris,Male,Pop,../data/photos/sydneys_photo1.png,../data/photos/sydneys_photo2.png,,,actress,No,"Reading, Traveling","I am Sydney Sweeney",,,
8,"2024-05-23 11:55:04","2024-05-23 11:56:33",AngelinaJ@gmail.com,angelinaj,$2y$10$e.FWJKuaNHtGAQy0avOOUeWrSTVagUcv2ckkV.6upzJeazN.wp7Fu,ROLE_USER,Angelina,Jolie,Female,2004-08-06,FR,Paris,Male,Jazz,../data/photos/angelinaj_photo1.png,../data/photos/angelinaj_photo2.png,,,Actress,No,Reading,"I am Angelina Jolie",,,
9,"2024-05-23 11:57:16","2024-05-23 11:58:54",RyanR@gmail.com,ryanr,$2y$10$h9kHFcvR5Otr65rAVZqBluwd1B0g7Bnq1iVT0wShv4cm0rYV8zISC,ROLE_USER,Ryan,Reynolds,Male,2004-08-06,FR,Paris,Female,Metal,../data/photos/ryanr_photo1.png,../data/photos/ryanr_photo2.png,,,Actor,No,Traveling,"I am Ryan Reynolds",,,
10,"2024-05-23 11:59:26","2024-05-23 12:00:20",RyanG@gmail.com,ryang,$2y$10$CgZZkxrEsm0Ru3nsAwbajOrocdGTC2LQbU1/ntJNiwiR.dSEIvzBe,ROLE_USER,Ryan,Gosling,Male,2004-08-06,FR,Paris,Female,Electronic,../data/photos/ryang_photo1.png,../data/photos/ryang_photo2.png,,,Actor,No,Traveling,"I am Ryan Gosling",,,
11,"2024-05-23 12:01:17","2024-05-23 12:02:12",NathalieP@gmail.com,nathaliep,$2y$10$XWG90jPOcqR7Anv828W7j.kag1kjcKgEEl8qXYScCp4RcGaKVDp2W,ROLE_USER,Nathalie,Portman,Female,2004-08-06,FR,Paris,Male,Pop,../data/photos/nathaliep_photo1.png,../data/photos/nathaliep_photo2.png,,,Actress,No,Reading,"I am Nathalie Portman",,,
12,"2024-05-23 12:02:47","2024-05-23 12:04:10",LeonardoD@gmail.com,leonardod,$2y$10$fAcwEBJzy56BY.Xa1LLbRepZaYm0Ml/mZe5NM6Vr8xiu2./pcE9WC,ROLE_USER,Leonardo,Dicaprio,Male,2004-08-06,FR,Paris,Female,Rap,../data/photos/leonardod_photo1.png,../data/photos/leonardod_photo2.png,,,Actor,Yes,Reading,"I am Leonardo Dicaprio",,,
13,"2024-05-23 12:04:47","2024-05-23 12:05:55",JennaO@gmail.com,jennao,$2y$10$oI.jTx/FZvmSaVW82nGJ8.sEIn.rViOymQnHSF/xl5eGTnY.t55J2,ROLE_USER,Jenna,Ortega,Female,2004-08-06,FR,Paris,Male,Pop,../data/photos/jennao_photo1.png,../data/photos/jennao_photo2.png,,,Actress,No,Traveling,"I am Jenna Ortega",,,
14,"2024-05-23 12:07:05","2024-05-23 12:08:05",DwayneJ@gmail.com,dwaynej,$2y$10$S3TCKM5zyrljuGrwbY/FmeUNsCkt2wc0TXa4kvxWDJXRd9uoPFTvK,ROLE_USER,Dwayne,Johnson,Male,2004-08-06,FR,Paris,Female,Rock,../data/photos/dwaynej_photo1.png,../data/photos/dwaynej_photo2.png,,,Actor,No,Traveling,"I am Dwayne Johnson",,,
15,"2024-05-23 12:08:39","2024-05-23 12:09:44",ArianaG@gmail.com,arianag,$2y$10$YxkuuUOQOmCfFFpwa01e3etKfEgana7Er1OHuPigkMaFF5zVAYYHS,ROLE_USER,Ariana,Grande,Female,2004-08-06,FR,Paris,Male,Classical,../data/photos/arianag_photo1.png,../data/photos/arianag_photo2.png,,,Singer,No,Traveling,"I am Ariana Grande",,,
16,"2024-05-23 12:10:31","2024-05-23 12:11:17",KevinH@gmail.com,kevinh,$2y$10$kcnmBCpWV3E6JUvS2dEXY.P//QB4I3Zzooxbm13Pnt/N7.kg3Qeh2,ROLE_USER,Kevin,Hart,Male,2004-08-06,FR,Paris,Female,Metal,../data/photos/kevinh_photo1.png,../data/photos/kevinh_photo2.png,,,Actor,No,Traveling,"I am Kevin Hart",,,
17,"2024-05-23 12:11:49","2024-05-23 12:12:39",JenniferL@gmail.com,jenniferl,$2y$10$SwcxYGtZR6gnHNAHZ5AHdObcvijJYYjPc5vRC040sjikYccFA/jhi,ROLE_USER,Jennifer,Lawrence,Female,2004-08-06,FR,Paris,Male,Pop,../data/photos/jenniferl_photo1.png,../data/photos/jenniferl_photo2.png,,,Actress,No,Traveling,"I am Jennifer Lawrence",,,
18,"2024-05-23 12:13:14","2024-05-23 12:14:12",MargotR@gmail.com,margotr,$2y$10$VFTfWxGKhTAaN29KQs9ls.mTR2xIGOY//oEjyQgFFzkgkERtEi4WC,ROLE_USER,Margot,Robbie,Female,2004-08-06,FR,Paris,Male,Jazz,../data/photos/margotr_photo1.png,../data/photos/margotr_photo2.png,,,Actress,No,Reading,"I am Margot Robbie",,,
19,"2024-05-23 12:14:54","2024-05-23 12:15:43",JohnnyD@gmail.com,johnnyd,$2y$10$wmSaEgnDMzCDllHQPBYAFejHU/9vZS4QRVhuYN45f8bSpP2uHtXjC,ROLE_USER,Johnny,Depp,Male,2004-08-06,FR,Paris,Female,Metal,../data/photos/johnnyd_photo1.png,../data/photos/johnnyd_photo2.png,,,Actor,Yes,Traveling,"I am Johnny Depp",,,
20,"2024-05-23 12:16:34","2024-05-23 12:17:34",GalG@gmail.com,galg,$2y$10$Zuc0iizVcba3TKSq1xZh6O5w5iQzfPvLyCHIyEMGZ0the9u3.OiiO,ROLE_USER,Gal,Gadot,Female,2004-08-06,FR,Paris,Male,Pop,../data/photos/galg_photo1.png,../data/photos/galg_photo2.png,,,Actress,No,Traveling,"I am Gal Gadot",,,
21,"2024-05-23 12:18:13","2024-05-23 12:19:06",KelvinH@gmail.com,kelvinh,$2y$10$FaZp4CFbWyOpop9a0MikoOz2Nzq6rB76dp3U2nmqT/tWKrKpe9Stm,ROLE_USER,Kelvin,Harrison,Male,2004-08-06,FR,Paris,Female,Funk,../data/photos/kelvinh_photo1.png,../data/photos/kelvinh_photo2.png,,,Actor,No,Traveling,"I am Kelvin Harrison",,,
22,"2024-05-23 12:19:42","2024-05-23 12:20:29",ZacE@gmail.com,zace,$2y$10$T8WZWn5e.oV.BmVQu/IRM./FZ4L5gZVK8BTa29iD2MfhY8VtieCwK,ROLE_USER,Zac,Effron,Male,2004-08-06,FR,Paris,Female,Electronic,../data/photos/zace_photo1.png,../data/photos/zace_photo2.png,,,Actor,No,Traveling,"I am Zac Effron",,,
23,"2024-05-23 12:21:17","2024-05-23 12:22:14",LetitiaW@gmail.com,letitiaw,$2y$10$E6T5AJGKBFGLfsn4H0GzX.9pyszP2Xh6Q3Z.Zt1wJYQaVQNL7uFfO,ROLE_USER,Letitia,Wright,Female,2004-08-06,FR,Paris,Male,Classical,../data/photos/letitiaw_photo1.png,../data/photos/letitiaw_photo2.png,,,Actress,No,Traveling,"I am Letitia Wright",,,
24,"2024-05-23 12:22:45","2024-05-23 12:24:08",AustinB@gmail.com,austinb,$2y$10$4jtjcX/GxXMOTrJNl1rruee3OiTlGxDRH5UGLy8OIlQCfqpzHYB0S,ROLE_USER,Austin,Butler,Male,2004-08-06,FR,Paris,Female,Electronic,../data/photos/austinb_photo1.png,../data/photos/austinb_photo2.png,,,Actor,No,Traveling,"I am Austin Butler",,,
25,"2024-05-23 12:24:52","2024-05-23 12:25:46",ClaraM@gmail.com,claram,$2y$10$p.uP/s67ZQYA2rd7cws4EOvgXxlHF33ptA8WLSnIX.9xYcLoslq1G,ROLE_USER,Clara,Morgane,Female,2004-08-06,FR,Paris,Male,Pop,../data/photos/claram_photo1.png,../data/photos/claram_photo2.png,,,Singer,No,Traveling,"I am Clara Morgane",,,
